Index,-,A,C,E,D,G,F,I,H,K,M,L,N,Q,P,S,R,T,W,V,Y,X
0,1 ,3 ,2 ,3 ,3 ,2 ,2 ,4 ,3 ,2 ,3 ,26 ,4 ,4 ,6 ,0 ,3 ,3 ,7 ,6 ,2 ,11 
1,3 ,3 ,3 ,3 ,5 ,4 ,3 ,4 ,3 ,4 ,4 ,6 ,1 ,2 ,2 ,24 ,5 ,2 ,2 ,5 ,7 ,5 
2,2 ,7 ,1 ,4 ,2 ,3 ,1 ,1 ,6 ,1 ,3 ,1 ,4 ,3 ,7 ,2 ,1 ,6 ,3 ,30 ,3 ,9 
3,6 ,1 ,2 ,6 ,4 ,1 ,1 ,1 ,2 ,2 ,2 ,29 ,3 ,3 ,1 ,3 ,4 ,6 ,1 ,4 ,3 ,15 
4,1 ,2 ,4 ,2 ,35 ,0 ,1 ,3 ,3 ,0 ,3 ,2 ,6 ,3 ,3 ,2 ,3 ,5 ,8 ,1 ,5 ,8 
120,2 ,4 ,5 ,3 ,2 ,1 ,3 ,2 ,3 ,1 ,4 ,1 ,3 ,34 ,1 ,4 ,3 ,5 ,1 ,1 ,1 ,16 
127,2 ,1 ,2 ,1 ,6 ,4 ,3 ,2 ,2 ,4 ,6 ,32 ,4 ,1 ,2 ,8 ,4 ,2 ,3 ,2 ,3 ,6 
134,3 ,3 ,2 ,2 ,8 ,3 ,5 ,5 ,4 ,1 ,2 ,1 ,2 ,3 ,4 ,26 ,3 ,1 ,3 ,3 ,2 ,14 
259,7 ,3 ,1 ,3 ,2 ,2 ,4 ,1 ,2 ,5 ,1 ,1 ,2 ,3 ,3 ,1 ,2 ,38 ,3 ,2 ,1 ,13 
348,2 ,0 ,0 ,2 ,1 ,3 ,3 ,5 ,2 ,2 ,2 ,3 ,2 ,3 ,43 ,1 ,3 ,1 ,6 ,3 ,3 ,10 
431,2 ,4 ,5 ,2 ,1 ,1 ,4 ,4 ,1 ,6 ,3 ,2 ,0 ,7 ,0 ,3 ,3 ,31 ,1 ,3 ,2 ,15 
438,3 ,33 ,3 ,5 ,0 ,6 ,7 ,5 ,3 ,1 ,6 ,2 ,1 ,2 ,4 ,2 ,3 ,4 ,0 ,0 ,4 ,6 
439,2 ,5 ,3 ,5 ,4 ,4 ,21 ,7 ,5 ,2 ,1 ,1 ,4 ,4 ,2 ,0 ,5 ,2 ,3 ,1 ,4 ,15 
440,5 ,3 ,6 ,2 ,4 ,0 ,4 ,2 ,2 ,1 ,7 ,5 ,5 ,1 ,5 ,2 ,29 ,4 ,3 ,0 ,3 ,7 
455,3 ,2 ,4 ,5 ,3 ,3 ,1 ,3 ,6 ,2 ,1 ,1 ,4 ,4 ,5 ,4 ,1 ,1 ,3 ,31 ,4 ,9 
467,1 ,1 ,2 ,5 ,3 ,6 ,4 ,3 ,5 ,1 ,3 ,3 ,33 ,3 ,0 ,7 ,2 ,6 ,3 ,2 ,0 ,7 
475,4 ,2 ,2 ,4 ,3 ,1 ,0 ,5 ,8 ,3 ,4 ,3 ,26 ,3 ,4 ,2 ,3 ,5 ,2 ,1 ,0 ,15 
476,4 ,6 ,0 ,3 ,3 ,5 ,1 ,31 ,2 ,7 ,5 ,4 ,3 ,4 ,1 ,1 ,0 ,4 ,2 ,2 ,4 ,8 
477,3 ,5 ,9 ,2 ,2 ,3 ,2 ,2 ,1 ,5 ,1 ,5 ,2 ,1 ,1 ,6 ,3 ,0 ,3 ,31 ,5 ,8 
478,41 ,4 ,1 ,2 ,1 ,3 ,0 ,1 ,2 ,3 ,3 ,6 ,0 ,1 ,1 ,4 ,4 ,5 ,1 ,3 ,3 ,11 
